# php -- BEGIN cPanel-generated handler, do not edit
# Set the “ea-php81” package as the default “PHP” programming language.
<IfModule mime_module>
  AddHandler application/x-httpd-ea-php81 .php .php8 .phtml .shtm .htm .html
</IfModule>
# php -- END cPanel-generated handler, do not edit

# BEGIN cPanel-generated php ini directives, do not edit
# Manual editing of this file may result in unexpected behavior.
# To make changes to this file, use the cPanel MultiPHP INI Editor (Home >> Software >> MultiPHP INI Editor)
# For more information, read our documentation (https://go.cpanel.net/EA4ModifyINI)
<IfModule php8_module>
   php_flag display_errors Off
   php_value max_execution_time 30
   php_value max_input_time 60
   php_value max_input_vars 1000
   php_value memory_limit 32M
   php_value post_max_size 8M
   php_value session.gc_maxlifetime 1440
   php_value session.save_path "/var/cpanel/php/sessions/ea-php81"
   php_value upload_max_filesize 2M
   php_flag zlib.output_compression Off
</IfModule>
<IfModule lsapi_module>
   php_flag display_errors Off
   php_value max_execution_time 30
   php_value max_input_time 60
   php_value max_input_vars 1000
   php_value memory_limit 32M
   php_value post_max_size 8M
   php_value session.gc_maxlifetime 1440
   php_value session.save_path "/var/cpanel/php/sessions/ea-php81"
   php_value upload_max_filesize 2M
   php_flag zlib.output_compression Off
</IfModule>
# END cPanel-generated php ini directives, do not edit


Redirect permanent /windsor https://archive.anglican.ca/about/windsor
Redirect permanent /about/index.htm https://www.anglican.ca/about/

Redirect permanent /gs2010/index.php /gs2010/
Redirect permanent /v2019/index.php /v2019/
Redirect permanent /v2019/mm/2.php  /v2019/mm/2.htm

Redirect permanent /rs/index.php https://www.anglican.ca/tr/
Redirect permanent /rs/index.htm https://www.anglican.ca/tr/
Redirect permanent /rs/apology/apology.htm https://www.anglican.ca/tr/apology/
Redirect permanent /rs/apology/index.htm https://www.anglican.ca/tr/apology/
Redirect permanent /rs/history/index.htm https://www.anglican.ca/tr/histories/
Redirect permanent /rs/history/schools/index.htm https://www.anglican.ca/tr/schools/
Redirect permanent /rs/history/schools/histories.htm https://www.anglican.ca/tr/histories/

Redirect permanent /rs/history/news/rsupdate-2007-03.htm https://www.anglican.ca/tr/newsarchive/rsupdate-2007-03/
Redirect permanent /rs/apology/qa-2005-11-23.htm https://www.anglican.ca/tr/newsarchive/qa-2005-11-23/

Redirect permanent /rs/history/news/rsupdate16.htm https://www.anglican.ca/tr/newsarchive/rsupdate16/
Redirect permanent /rs/history/news/rsupdate15.htm https://www.anglican.ca/tr/newsarchive/rsupdate15/
Redirect permanent /rs/history/news/rsupdate14.htm https://www.anglican.ca/tr/newsarchive/rsupdate14/
Redirect permanent /rs/history/news/rsupdate13.htm https://www.anglican.ca/tr/newsarchive/rsupdate13/
Redirect permanent /rs/history/news/rsupdate12.htm https://www.anglican.ca/tr/newsarchive/rsupdate12/
Redirect permanent /rs/history/news/rsupdate11.htm https://www.anglican.ca/tr/newsarchive/rsupdate11/
Redirect permanent /rs/history/news/rsupdate10.htm https://www.anglican.ca/tr/newsarchive/rsupdate10/
Redirect permanent /rs/history/news/rsupdate9.htm https://www.anglican.ca/tr/newsarchive/rsupdate9/
Redirect permanent /rs/history/news/rsupdate8.htm https://www.anglican.ca/tr/newsarchive/rsupdate8/
Redirect permanent /rs/history/news/rsupdate7.htm https://www.anglican.ca/tr/newsarchive/rsupdate7/
Redirect permanent /rs/history/news/rsupdate6.htm https://www.anglican.ca/tr/newsarchive/rsupdate6/
Redirect permanent /rs/history/news/rsupdate5.htm https://www.anglican.ca/tr/newsarchive/rsupdate5/
Redirect permanent /rs/history/news/rsupdate4.htm https://www.anglican.ca/tr/newsarchive/rsupdate4/
Redirect permanent /rs/history/news/rsupdate3.htm https://www.anglican.ca/tr/newsarchive/rsupdate3/
Redirect permanent /rs/history/news/rsupdate2.htm https://www.anglican.ca/tr/newsarchive/rsupdate2/
Redirect permanent /rs/history/news/rsupdate1.htm https://www.anglican.ca/tr/newsarchive/rsupdate1/

Redirect permanent /rs/history/news/pr1.htm https://www.anglican.ca/tr/newsarchive/pr1/
Redirect permanent /rs/history/news/pr2.htm https://www.anglican.ca/tr/newsarchive/pr2/
Redirect permanent /rs/history/news/pr3.htm https://www.anglican.ca/tr/newsarchive/pr3/
Redirect permanent /rs/history/news/pr4.htm https://www.anglican.ca/tr/newsarchive/pr4/
Redirect permanent /rs/history/news/pr5.htm https://www.anglican.ca/tr/newsarchive/pr5/
Redirect permanent /rs/history/news/pr6.htm https://www.anglican.ca/tr/newsarchive/pr6/
Redirect permanent /rs/history/news/pr7.htm https://www.anglican.ca/tr/newsarchive/pr7/
Redirect permanent /rs/history/news/pr8.htm https://www.anglican.ca/tr/newsarchive/pr8/
Redirect permanent /rs/history/news/pr9.htm https://www.anglican.ca/tr/newsarchive/pr9/
Redirect permanent /rs/history/news/pr10.htm https://www.anglican.ca/tr/newsarchive/pr10/
Redirect permanent /rs/history/news/pr11.htm https://www.anglican.ca/tr/newsarchive/pr11/
Redirect permanent /rs/history/news/pr12.htm https://www.anglican.ca/tr/newsarchive/pr12/
Redirect permanent /rs/history/news/pr13.htm https://www.anglican.ca/tr/newsarchive/pr13/
Redirect permanent /rs/history/news/pr14.htm https://www.anglican.ca/tr/newsarchive/pr14/
Redirect permanent /rs/history/news/pr15.htm https://www.anglican.ca/tr/newsarchive/pr15/
Redirect permanent /rs/history/news/pr16.htm https://www.anglican.ca/tr/newsarchive/pr16/

Redirect permanent /rs/history/news/primer.htm https://www.anglican.ca/tr/newsarchive/primer/
Redirect permanent /rs/history/news/QA-Feb4-02.htm https://www.anglican.ca/tr/newsarchive/qa-feb4-02/
Redirect permanent /rs/history/news/letter2globe.htm https://www.anglican.ca/tr/newsarchive/letter2globe/
Redirect permanent /rs/history/news/cruickshank2.htm https://www.anglican.ca/tr/newsarchive/cruickshank2/
Redirect permanent /rs/history/news/cruickshank.htm https://www.anglican.ca/tr/newsarchive/cruickshank/
Redirect permanent /rs/history/news/stewards.htm https://www.anglican.ca/tr/newsarchive/stewards/
Redirect permanent /rs/history/news/rcap_summary.htm https://www.anglican.ca/tr/newsarchive/rcap_summary/

Redirect permanent /rs/history/schools/st-georges-school-lytton.htm https://www.anglican.ca/tr/histories/st-georges-school-lytton/
Redirect permanent /rs/history/schools/all-saints-school-sk.htm https://www.anglican.ca/tr/histories/all-saints-school-sk/
Redirect permanent /rs/history/schools/all-saints-aklavik.htm https://www.anglican.ca/tr/histories/all-saints-aklavik/
Redirect permanent /rs/history/schools/bishop-horden.htm https://www.anglican.ca/tr/histories/bishop-horden/
Redirect permanent /rs/history/schools/ft-simpson-nwt.htm https://www.anglican.ca/tr/histories/ft-simpson-nwt/
Redirect permanent /rs/history/schools/chooutla-carcross.htm https://www.anglican.ca/tr/histories/chooutla-carcross/
Redirect permanent /rs/history/schools/coppermine.htm https://www.anglican.ca/tr/histories/coppermine/
Redirect permanent /rs/history/schools/elkhorn.htm https://www.anglican.ca/tr/histories/elkhorn/
Redirect permanent /rs/history/schools/ft-mcpherson-nwt.htm https://www.anglican.ca/tr/histories/ft-mcpherson-nwt/
Redirect permanent /rs/history/schools/gordons-school-punnichy.htm https://www.anglican.ca/tr/histories/gordons-school-punnichy/
Redirect permanent /rs/history/schools/la-tuque-quebec.htm https://www.anglican.ca/tr/histories/la-tuque-quebec/
Redirect permanent /rs/history/schools/mackay.htm https://www.anglican.ca/tr/histories/mackay/
Redirect permanent /rs/history/schools/mohawk-institute.htm https://www.anglican.ca/tr/histories/mohawk-institute/
Redirect permanent /rs/history/schools/old-sun.htm https://www.anglican.ca/tr/histories/old-sun/
Redirect permanent /rs/history/schools/pelican-lake.htm https://www.anglican.ca/tr/histories/pelican-lake/
Redirect permanent /rs/history/schools/prince-albert.htm https://www.anglican.ca/tr/histories/prince-albert/
Redirect permanent /rs/history/schools/shingle-point-yukon.htm https://www.anglican.ca/tr/histories/shingle-point-yukon/
Redirect permanent /rs/history/schools/shingwauk.htm https://www.anglican.ca/tr/histories/shingwauk/
Redirect permanent /rs/history/schools/yukon-hostels.htm https://www.anglican.ca/tr/histories/yukon-hostels/
Redirect permanent /rs/history/schools/st-andrews-whitefish.htm https://www.anglican.ca/tr/histories/st-andrews-whitefish/
Redirect permanent /rs/history/schools/st-barnabas-onion-lake.htm https://www.anglican.ca/tr/histories/st-barnabas-onion-lake/
Redirect permanent /rs/history/schools/st-barnabas-sarcee.htm https://www.anglican.ca/tr/histories/st-barnabas-sarcee/
Redirect permanent /rs/history/schools/st-cyprian-brockel.htm https://www.anglican.ca/tr/histories/st-cyprian-brockel/
Redirect permanent /rs/history/schools/st-johns-chapleau.htm https://www.anglican.ca/tr/histories/st-johns-chapleau/
Redirect permanent /rs/history/schools/st-johns-wabasca.htm https://www.anglican.ca/tr/histories/st-johns-wabasca/
Redirect permanent /rs/history/schools/st-michaels-alert-bay.htm https://www.anglican.ca/tr/histories/st-michaels-alert-bay/
Redirect permanent /rs/history/schools/st-pauls-cardston.htm https://www.anglican.ca/tr/histories/st-pauls-cardston/
Redirect permanent /rs/history/schools/st-perters-hay-river.htm https://www.anglican.ca/tr/histories/st-perters-hay-river/
Redirect permanent /rs/history/schools/st-peters-lesser-slave-lake.htm https://www.anglican.ca/tr/histories/st-peters-lesser-slave-lake/
Redirect permanent /rs/history/schools/st-philips-ftgeorge.htm https://www.anglican.ca/tr/histories/st-philips-ftgeorge/
Redirect permanent /rs/history/schools/stringer-hall-inuvik.htm https://www.anglican.ca/tr/histories/stringer-hall-inuvik/

Redirect permanent /rs/trc/001-May-10-2010.htm https://www.anglican.ca/tr/newsarchive/001-may-10-2010/
Redirect permanent /rs/trc/002-May-18-2010.htm https://www.anglican.ca/tr/newsarchive/002-may-18-2010/
Redirect permanent /rs/trc/003-May-25-2010.htm https://www.anglican.ca/tr/newsarchive/003-may-25-2010/
Redirect permanent /rs/trc/005-Aug-19-2010.htm https://www.anglican.ca/tr/newsarchive/005-aug-19-2010/ 


Redirect permanent /rs/history/news/index.htm https://www.anglican.ca/tr/newsarchive/
Redirect permanent /rs/trc/index.htm https://www.anglican.cc/tr/

Redirect permanent /rs/apology/apology.php https://www.anglican.ca/tr/apology/

Redirect permanent /rs/ourwork/missingchildren.htm https://www.anglican.ca/tr/missing-children/

Redirect permanent /rs/healingfund/ https://www.anglican.ca/healingfund/
Redirect permanent /rs/healing/ https://www.anglican.ca/healingfund/
Redirect permanent /rs/healing/criteria.htm https://www.anglican.ca/healingfund/criteria/
Redirect permanent /rs/healing/guideline.htm https://www.anglican.ca/healingfund/process-guideline/
Redirect permanent /rs/healing/projects.htm https://www.anglican.ca/healingfund/projects/
Redirect permanent /rs/healing/forms.htm https://www.anglican.ca/healingfund/forms/

Redirect permanent /index.htm https://www.anglican.ca/
Redirect permanent /index.html https://www.anglican.ca/
Redirect permanent /index.php https://www.anglican.ca/
Redirect permanent /search/contactus.htm https://www.anglican.ca/search/contactus.htm
Redirect permanent /appeal/index.htm https://www.anglican.ca/appeal/index.htm
Redirect permanent /search/faq/index.htm https://www.anglican.ca/search/faq/index.htm
Redirect permanent /search/sitemap.htm https://www.anglican.ca/search/sitemap.htm
Redirect permanent /search/sites.htm https://www.anglican.ca/search/sites.htm
Redirect permanent /search/index.htm https://www.anglican.ca/search/index.htm
Redirect permanent /primate/index.htm https://www.anglican.ca/primate/index.htm
Redirect permanent /about/departments/cir/index.htm https://www.anglican.ca/about/departments/cir/index.htm
Redirect permanent /about/departments/fwm/index.htm https://www.anglican.ca/about/departments/fwm/index.htm
Redirect permanent /about/departments/fmd/index.htm https://www.anglican.ca/about/departments/fmd/index.htm
Redirect permanent /im/index.htm https://www.anglican.ca/im/index.htm
Redirect permanent /about/departments/gso/index.htm https://www.anglican.ca/about/departments/gso/index.htm
Redirect permanent /about/departments/partnerships/index.htm https://www.anglican.ca/about/departments/partnerships/index.htm
Redirect permanent /about/cogs/index.htm https://www.anglican.ca/about/cogs/index.htm	
Redirect permanent /about/committees/index.htm https://www.anglican.ca/about/committees/index.htm
Redirect permanent /about/committees/acip/index.htm https://www.anglican.ca/about/committees/acip/index.htm
Redirect permanent /amo/index.html https://www.anglican.ca/amo/
Redirect permanent /cn/index.html https://www.anglican.ca/cn
Redirect permanent /primate/ptc/index.htm https://www.anglican.ca/primate/ptc/index.htm
Redirect permanent /resources/index.htm https://www.anglican.ca/resources/index.htm
Redirect permanent /mission/resources/pwop/index.htm https://www.anglican.ca/mission/resources/pwop/index.htm
Redirect permanent /about/handbook/index.htm https://www.anglican.ca/about/handbook/index.htm
Redirect permanent /faith/hs/index.htm https://www.anglican.ca/faith/hs/index.htm
Redirect permanent /faith/hs/index.htm https://www.anglican.ca/faith/hs/index.htm
Redirect permanent /news/otherlists.htm https://www.anglican.ca/news/otherlists.htm
Redirect permanent /faith/worship/resources.htm https://www.anglican.ca/faith/worship/resources.htm
Redirect permanent /search/databases.htm https://www.anglican.ca/search/databases.htm
Redirect permanent /about/diocese.htm https://www.anglican.ca/about/diocese.htm
Redirect permanent /search/contentpolicy.htm https://www.anglican.ca/search/contentpolicy.htm
Redirect permanent /contact/webmanager.htm https://www.anglican.ca/contact/webmanager.htm
Redirect permanent /contact/info.htm https://www.anglican.ca/contact/info.htm
Redirect permanent /search/map.htm https://www.anglican.ca/search/map.htm

Redirect permanent /fm/Planned-Giving https://www.anglican.ca/gifts/planned-giving
Redirect permanent /fm/giftplanning/index.php https://www.anglican.ca/gifts/planned-giving

Redirect permanent /faith/index.htm https://www.anglican.ca/faith/
Redirect permanent /news/index.htm https://www.anglican.ca/news/
Redirect permanent /primate/primacy.htm https://www.anglican.ca/primate/ministry/
Redirect permanent /primate/biography.htm https://www.anglican.ca/primate/bio/
Redirect permanent /primate/communications/index.htm https://www.anglican.ca/primate/communications/
Redirect permanent /primate/photos/index.htm https://www.anglican.ca/primate/photos/
Redirect permanent /primate/tpo/index.htm https://www.anglican.ca/primate/tfc/tpo/
Redirect permanent /primate/staff.htm https://www.anglican.ca/help/contactus/
Redirect permanent /search/contentpolicy.htm https://www.anglican.ca/help/colophon/contentinfo/
Redirect permanent /gs2010/index.htm https://archive.anglican.ca/gs2010/index.html

Redirect permanent /mission https://www.anglican.ca/relationships

#GS2007#

Redirect permanent /gs2007/about/ip.php https://archive.anglican.ca/gs2007/about/ip.htm

#JOBS

Redirect permanent /jobs/index.htm?action=AddJobPosting https://jobs.anglican.ca/submit-a-job-posting/
Redirect permanent /jobs/index.htm https://jobs.anglican.ca/


AddType application/vnd.openxmlformats-officedocument.wordprocessingml.document docx
AddType video/mp4 mp4